Peak_NUM,PEAK_LIST,EXP_AMPLITUDE,FIT_AMPLITUDE,Diff_COEF
1,2.53766,0.00026,0.00026,7.709267
2,2.56315,0.00029,0.00029,5.899619
